"References","Value","Manufacturer part number","Quantity","Footprint","Tolerance","Voltage","DigiKey part number"
"C1,C2,C5","100n","CC0603JRX7R9BB104","3","Capacitor_SMD:C_0603_1608Metric","5%","50 V","311-1779-1-ND"
"C3","1u","C0603C105K3RACTU","1","Capacitor_SMD:C_0603_1608Metric","10%","25 V","399-7376-1-ND"
"C4","10u","GRT188R61C106KE13D","1","Capacitor_SMD:C_0603_1608Metric","10%","16 V","490-12317-1-ND"
"D1","LTST-C171KRKT","LTST-C171KRKT","1","LED_SMD:LED_0805_2012Metric","","","160-1427-1-ND"
"J1","0480370001","0480370001","1","MP1_Footprints:USB_A_Molex_48037-0001_Horizontal","","","WM17117-ND"
"R1,R2,R4","100k","RC0603FR-07100KL","3","Resistor_SMD:R_0603_1608Metric","1%","","311-100KHRCT-ND"
"R3","3.01M","RC0603FR-073M01L","1","Resistor_SMD:R_0603_1608Metric","1%","","311-3.01MHRCT-ND"
"R5","1k","RC0603FR-071KL","1","Resistor_SMD:R_0603_1608Metric","1%","","311-1.00KHRCT-ND"
"R6","604k","RC0603FR-07604KL","1","Resistor_SMD:R_0603_1608Metric","1%","","311-604KHRCT-ND"
"U1","MCP6021T-E/OT","MCP6021T-E/OT","1","Package_TO_SOT_SMD:SOT-23-5","","","MCP6021T-E/OTCT-ND"
"U2","MCP1702T-3302E/CB","MCP1702T-3302E/CB","1","Package_TO_SOT_SMD:SOT-23","","","MCP1702T-3302E/CBCT-ND"
